,City,Lat,Lng,Max Temp,Humidity,Cloudiness,Wind Speed,Country,Date
0,Akdepe,42.0551,59.3788,37.4,65,0,11.5,TM,1612975048
1,Sept-Îles,50.2001,-66.3821,12.99,44,20,13.8,CA,1612974842
2,Atuona,-9.8,-139.0333,78.93,77,6,20.31,PF,1612975051
3,Maragogi,-9.0122,-35.2225,83.86,69,74,13.38,BR,1612975052
4,Monastyrshchina,54.3496,31.838,0.91,93,92,7.25,RU,1612975053
5,Port Elizabeth,-33.918,25.5701,78.8,73,20,11.5,ZA,1612974827
6,Hermanus,-34.4187,19.2345,79.0,63,0,8.01,ZA,1612975055
7,Rikitea,-23.1203,-134.9692,78.21,75,64,9.69,PF,1612974803
8,Mana,5.6592,-53.7767,81.84,65,100,9.28,GF,1612975058
9,Novobureyskiy,49.798,129.8774,-1.28,91,65,1.36,RU,1612975059
10,Neyshabur,36.2133,58.7958,52.79,41,1,2.86,IR,1612975060
11,Covington,39.0837,-84.5086,21.2,73,90,8.05,US,1612975061
12,Mingguang,32.7802,117.9638,48.54,75,100,7.47,CN,1612975062
13,Thompson,55.7435,-97.8558,-36.4,67,75,2.3,CA,1612975063
14,Narsaq,60.9167,-46.05,32.0,25,20,26.46,GL,1612974839
15,Ulaangom,49.9811,92.0667,2.23,72,0,3.56,MN,1612975066
16,Souillac,-20.5167,57.5167,80.6,74,40,9.22,MU,1612975067
17,East London,-33.0153,27.9116,78.8,83,20,11.5,ZA,1612974862
18,Atasū,48.6814,71.6433,-10.84,83,28,4.68,KZ,1612975069
19,Cap-aux-Meules,47.3821,-61.8597,21.2,63,97,24.16,CA,1612974841
20,Chui,-33.6971,-53.4616,77.16,70,0,10.74,UY,1612974850
21,Beloha,-25.1667,45.05,71.89,88,100,14.23,MG,1612974821
22,Bengkulu,-3.8004,102.2655,75.87,88,99,3.67,ID,1612975074
23,Kavieng,-2.5744,150.7967,82.62,75,62,8.41,PG,1612974818
24,Cherskiy,68.75,161.3,-8.88,85,0,3.06,RU,1612974789
25,Tiznit Province,29.5833,-9.5,59.52,73,31,8.19,MA,1612974827
26,Albany,42.6001,-73.9662,27.0,47,47,4.0,US,1612974915
27,Port Alfred,-33.5906,26.891,77.0,89,38,1.99,ZA,1612974774
28,Pamekasan,-7.1568,113.4746,78.17,86,100,4.16,ID,1612975080
29,Hobart,-42.8794,147.3294,53.01,82,0,5.75,AU,1612975081
30,Lastoursville,-0.8143,12.7287,84.2,70,75,2.26,GA,1612975083
31,Nikolskoye,59.7035,30.7861,9.0,85,75,4.12,RU,1612974828
32,Khatanga,71.9667,102.5,-14.48,85,52,6.89,RU,1612975085
33,Vaini,-21.2,-175.2,77.0,94,20,5.75,TO,1612975086
34,Karratha,-20.7377,116.8463,88.43,37,2,14.99,AU,1612975087
35,Namatanai,-3.6667,152.4333,79.57,80,100,2.77,PG,1612975089
36,Lebu,-37.6167,-73.65,70.48,60,1,8.16,CL,1612975090
37,Mataura,-46.1927,168.8643,49.26,92,100,13.76,NZ,1612975091
38,Upernavik,72.7868,-56.1549,4.75,90,2,10.58,GL,1612975092
39,Lompoc,34.6391,-120.4579,52.0,93,1,5.95,US,1612974847
40,Punta Arenas,-53.15,-70.9167,60.8,67,0,9.22,CL,1612974773
41,Lüderitz,-26.6481,15.1594,71.85,65,20,15.21,NA,1612974828
42,Castro,-24.7911,-50.0119,74.57,55,90,3.09,BR,1612974825
43,Norman Wells,65.282,-126.8329,-38.2,67,40,4.59,CA,1612975098
44,Lata,40.1629,-8.3327,59.0,88,75,5.75,PT,1612975099
45,Ushuaia,-54.8,-68.3,78.8,29,20,13.8,AR,1612975100
46,Nome,64.5011,-165.4064,-11.2,49,1,21.85,US,1612974871
47,Excelsior Springs,39.3392,-94.2261,12.99,57,90,6.91,US,1612975102
48,Hunchun,42.8675,130.3581,20.61,94,3,4.47,CN,1612975049
49,Iqaluit,63.7506,-68.5145,8.6,85,75,4.61,CA,1612975105
50,Kavaratti,10.5669,72.642,81.9,63,47,7.61,IN,1612975106
51,Guerrero Negro,27.9769,-114.0611,58.53,68,100,14.58,MX,1612974844
52,Provideniya,64.3833,-173.3,-12.3,77,0,11.63,RU,1612975108
53,Panacan,9.2463,118.4082,77.0,94,20,4.61,PH,1612975109
54,Santa Maria,-29.6842,-53.8069,78.8,73,75,6.91,BR,1612975110
55,Chengzhong,30.95,113.55,50.0,93,98,2.24,CN,1612975111
56,Puerto Ayora,-0.7393,-90.3518,82.0,83,75,5.75,EC,1612975113
57,Kyra,49.5776,111.9753,13.64,89,58,2.42,RU,1612975114
58,Muborak,39.2553,65.1528,59.36,51,0,11.05,UZ,1612975115
59,Hilo,19.7297,-155.09,64.4,68,75,5.75,US,1612975006
60,Mount Isa,-20.7333,139.5,84.2,61,75,9.22,AU,1612975117
61,Chekhov,55.1431,37.4711,7.0,85,75,6.71,RU,1612975118
62,Longyearbyen,78.2186,15.6401,12.2,73,90,20.71,SJ,1612975119
63,Banda Aceh,5.5577,95.3222,79.14,80,55,6.96,ID,1612975121
64,North Bend,43.4065,-124.2243,36.0,100,90,6.91,US,1612974855
65,Tura,25.5198,90.2201,61.57,41,40,1.99,IN,1612975123
66,Arona,28.0996,-16.681,70.0,68,40,8.05,ES,1612975124
67,Yellowknife,62.456,-114.3525,-9.99,76,20,6.91,CA,1612975125
68,Qaryat Sulūq,31.6682,20.2521,62.69,38,0,4.21,LY,1612975126
69,Port Lincoln,-34.7333,135.8667,73.94,49,61,13.09,AU,1612975128
70,La Santisima Trinidad,-14.8333,-64.9,73.4,94,90,9.22,BO,1612975129
71,Esperance,-33.8667,121.9,60.8,77,90,11.5,AU,1612975130
72,George Town,5.4112,100.3354,84.99,74,20,4.61,MY,1612974872
73,Yumen,40.2833,97.2,33.3,73,28,23.44,CN,1612975132
74,Mahébourg,-20.4081,57.7,80.6,74,40,9.22,MU,1612975133
75,Novoagansk,61.9449,76.6625,-15.14,88,100,11.18,RU,1612975135
76,Ponta do Sol,32.6667,-17.1,63.0,85,75,1.99,PT,1612975136
77,Bonthe,7.5264,-12.505,85.21,64,45,13.82,SL,1612975137
78,Carnarvon,-24.8667,113.6333,73.4,88,0,24.16,AU,1612975138
79,Kaitangata,-46.2817,169.8464,55.0,56,100,11.99,NZ,1612975139
80,Praia da Vitória,38.7333,-27.0667,64.4,59,40,19.42,PT,1612975140
81,Sisimiut,66.9395,-53.6735,16.84,83,0,4.56,GL,1612974867
82,Yulara,-25.2406,130.9889,86.0,58,40,3.44,AU,1612975143
83,Hong Kong,22.2855,114.1577,62.01,88,91,7.49,HK,1612974949
84,Benavente,42.0025,-5.6783,51.01,61,20,10.36,ES,1612975145
85,Saskylakh,71.9167,114.0833,-20.54,84,4,10.02,RU,1612975146
86,Arlit,18.7369,7.3853,85.57,10,14,7.11,NE,1612975147
87,Cape Town,-33.9258,18.4232,75.0,73,0,20.71,ZA,1612974952
88,Saint-Félicien,48.6501,-72.4491,12.2,62,20,14.97,CA,1612975150
89,Xai-Xai,-25.0519,33.6442,78.28,79,4,10.2,MZ,1612975151
90,Altay,47.8667,88.1167,2.88,73,27,4.14,CN,1612975152
91,Kemijärvi,66.7131,27.4306,5.85,94,94,4.0,FI,1612975153
92,Saint-Philippe,-21.3585,55.7679,82.4,69,0,8.05,RE,1612975154
93,Dikson,73.5069,80.5464,-19.82,89,100,8.52,RU,1612975155
94,Ancud,-41.8697,-73.8203,82.0,44,0,5.75,CL,1612975157
95,Bada,51.392,109.8717,17.02,95,100,2.53,RU,1612975158
96,Yarensk,62.1675,49.0916,-11.67,90,73,2.62,RU,1612975159
97,Isangel,-19.55,169.2667,78.82,83,23,9.44,VU,1612975160
98,Kununurra,-15.7667,128.7333,78.8,100,75,3.44,AU,1612975067
99,Nantucket,41.2835,-70.0995,28.99,74,1,16.11,US,1612975067
100,Hithadhoo,-0.6,73.0833,82.54,74,19,11.63,MV,1612975163
101,Alice Town,25.7167,-79.3,74.66,80,20,11.36,BS,1612975164
102,Pandan,14.0453,124.1694,76.91,86,83,5.44,PH,1612975166
103,Ilulissat,69.2167,-51.1,14.0,41,1,19.57,GL,1612975167
104,Alappuzha,9.49,76.3264,77.25,71,90,4.41,IN,1612975168
105,Butaritari,3.0707,172.7902,81.07,77,78,15.37,KI,1612975169
106,Keetmanshoop,-26.5833,18.1333,91.99,26,87,7.56,NA,1612975170
107,Tiksi,71.6872,128.8694,-17.7,88,15,4.38,RU,1612975171
108,Qaanaaq,77.484,-69.3632,1.38,71,22,9.04,GL,1612975173
109,Kaniama,-7.5667,24.1833,70.47,93,99,2.98,CD,1612975174
110,Bredasdorp,-34.5322,20.0403,73.4,64,4,11.5,ZA,1612975175
111,Muradnagar,28.7833,77.5,70.0,88,0,2.08,IN,1612975037
112,Impfondo,1.6381,18.0667,85.44,29,30,1.92,CG,1612975177
113,Vilhena,-12.7406,-60.1458,73.4,100,90,6.91,BR,1612974924
114,Jamestown,42.097,-79.2353,23.0,53,1,6.91,US,1612975041
115,Okhotsk,59.3833,143.3,20.79,91,98,20.96,RU,1612975181
116,Port Macquarie,-31.4333,152.9167,63.0,99,45,1.99,AU,1612975182
117,Cidreira,-30.1811,-50.2056,78.06,70,5,12.1,BR,1612975183
118,San Jerónimo,-11.9472,-75.2829,62.26,47,94,1.54,PE,1612975184
119,Kumul,42.8,93.45,31.3,81,59,9.37,CN,1612975148
120,Busselton,-33.65,115.3333,55.0,96,0,8.66,AU,1612975186
121,Ulladulla,-35.35,150.4667,64.4,88,90,4.61,AU,1612975187
122,Tuktoyaktuk,69.4541,-133.0374,-31.0,68,1,9.22,CA,1612975189
123,Pangnirtung,66.1451,-65.7125,6.8,66,1,2.3,CA,1612975190
124,Correntina,-13.3433,-44.6367,83.16,61,41,4.94,BR,1612975191
125,Bull Savanna,17.8868,-77.5902,81.59,60,10,10.94,JM,1612975192
126,Samarai,-10.6167,150.6667,81.99,77,95,12.28,PG,1612975193
127,Manta,-0.95,-80.7333,82.4,74,75,1.14,EC,1612975194
128,Sobolevo,54.4299,31.8996,1.11,93,93,7.09,RU,1612975196
129,Morón,-34.6534,-58.6198,80.01,57,69,8.01,AR,1612974907
130,Maţāy,28.419,30.7792,68.9,25,67,10.74,EG,1612975198
131,Yarmouth,41.7057,-70.2286,30.99,59,90,11.5,US,1612975199
132,Aquiraz,-3.9014,-38.3911,87.8,66,40,16.11,BR,1612975200
133,Monforte de Lemos,42.5216,-7.5142,52.0,75,69,8.99,ES,1612975201
134,Navahrudak,53.6,25.8333,6.89,96,100,7.65,BY,1612975202
135,Saint Paul Harbor,57.79,-152.4072,37.4,75,90,16.11,US,1612975204
136,Fes,34.0372,-4.9998,68.0,56,40,5.75,MA,1612975093
137,Prainha,-1.8,-53.48,80.15,78,100,2.91,BR,1612975206
138,Devin,41.7433,24.4,59.0,71,73,4.61,BG,1612975207
139,Rocha,-34.4833,-54.3333,78.13,66,18,10.33,UY,1612975208
140,Chimbote,-9.0853,-78.5783,78.33,59,93,9.89,PE,1612975210
141,Novo Aripuanã,-5.1206,-60.3797,82.08,89,73,3.91,BR,1612975211
142,Te Anau,-45.4167,167.7167,48.81,86,100,8.75,NZ,1612975212
143,Marrakesh,31.6315,-8.0083,73.4,43,0,3.44,MA,1612975213
144,Avera,33.194,-82.5271,68.0,88,75,6.91,US,1612975214
145,Saldanha,-33.0117,17.9442,80.6,47,0,12.66,ZA,1612975215
146,Kuji,40.1878,141.7689,31.35,91,11,14.18,JP,1612975150
147,Barrow,71.2906,-156.7887,-16.6,76,90,12.66,US,1612974774
148,Kidal,18.4411,1.4078,89.85,10,0,5.19,ML,1612975219
149,Kloulklubed,7.0419,134.2556,78.8,89,75,5.75,PW,1612975220
150,São Filipe,14.8961,-24.4956,72.97,69,27,8.9,CV,1612975221
151,São João da Barra,-21.6403,-41.0511,86.0,51,20,16.11,BR,1612975222
152,Vardø,70.3705,31.1107,21.2,68,40,27.63,NO,1612975224
153,Bethel,41.3712,-73.414,28.99,63,1,4.61,US,1612975225
154,Ribeira Grande,38.5167,-28.7,62.6,67,40,23.02,PT,1612975226
155,Coahuayana Viejo,18.7333,-103.6833,75.2,60,1,4.16,MX,1612975227
156,Vestmannaeyjar,63.4427,-20.2734,39.2,70,40,16.11,IS,1612975228
157,Tasiilaq,65.6145,-37.6368,12.2,62,75,2.3,GL,1612975229
158,Kapaa,22.0752,-159.319,69.8,52,20,17.27,US,1612975231
159,Catarama,-1.5833,-79.4667,82.13,83,98,2.73,EC,1612975232
160,Port-Gentil,-0.7193,8.7815,87.8,74,40,9.22,GA,1612975233
161,Rovenki,48.0833,39.3776,37.35,100,100,11.14,UA,1612975234
162,Vila Velha,-20.3297,-40.2925,86.0,62,40,10.36,BR,1612975235
163,Dolores Hidalgo Cuna de la Independencia Nacional,21.1561,-100.9308,66.0,42,0,6.46,MX,1612975236
164,Nieves,15.3274,120.9485,73.4,100,75,4.61,PH,1612975238
165,Kalmunai,7.4167,81.8167,73.29,77,76,8.19,LK,1612975239
166,Vao,-22.6667,167.4833,76.41,84,0,14.07,NC,1612975240
167,Sioux Lookout,50.1001,-91.917,-20.2,76,20,4.72,CA,1612975241
168,Bara,10.3744,10.7288,95.0,5,0,5.75,NG,1612975242
169,DeLand,29.0283,-81.3031,79.0,83,40,5.75,US,1612975243
170,Sos'va,59.1766,61.8558,-18.2,86,0,3.22,RU,1612975244
171,Beringovskiy,63.05,179.3167,-19.44,87,19,11.5,RU,1612975246
172,Muros,42.7762,-9.0603,55.99,68,98,5.01,ES,1612975247
173,Olinda,-8.0089,-34.8553,84.2,65,40,11.5,BR,1612975248
174,San Policarpo,12.1791,125.5072,80.26,86,59,11.05,PH,1612975249
175,Unaí,-16.3575,-46.9061,84.6,57,33,4.18,BR,1612975250
176,Nuuk,64.1835,-51.7216,26.6,93,75,5.75,GL,1612975251
177,Fortuna,40.5982,-124.1573,41.0,100,90,5.75,US,1612975252
178,Mar del Plata,-38.0023,-57.5575,71.6,73,40,17.27,AR,1612975081
179,Bathsheba,13.2167,-59.5167,84.2,54,40,23.02,BB,1612975255
180,Kuminskiy,58.6667,66.5667,-19.98,86,0,3.8,RU,1612975256
181,Atambua,-9.1061,124.8925,74.89,87,100,1.66,ID,1612975257
182,Fairbanks,64.8378,-147.7164,-9.4,70,90,3.56,US,1612975258
183,Almaznyy,48.0448,40.045,37.4,93,20,13.42,RU,1612975260
184,Shimoda,34.6667,138.95,39.99,65,8,1.99,JP,1612975261
185,Kaura Namoda,12.5898,6.5779,89.87,11,0,7.16,NG,1612975262
186,Belaya Gora,68.5333,146.4167,-17.63,89,31,0.87,RU,1612975263
187,Westport,41.1415,-73.3579,30.0,59,1,5.75,US,1612975011
188,Soe,-9.8607,124.284,66.85,90,86,3.11,ID,1612975265
189,Moose Factory,51.2585,-80.6094,-7.6,77,90,14.97,CA,1612975266
190,Zyryanka,65.75,150.85,-17.52,89,99,0.43,RU,1612975268
191,New Norfolk,-42.7826,147.0587,53.01,66,0,2.71,AU,1612974774
192,San Andrés,12.5847,-81.7006,84.2,65,20,8.05,CO,1612975270
193,Saýat,38.7839,63.8803,59.0,33,0,9.22,TM,1612975271
194,Chálki,39.5667,22.5333,60.8,59,20,10.36,GR,1612975272
195,Kitui,-1.367,38.0106,68.11,71,64,2.37,KE,1612975274
196,Gamba,-2.65,10.0,80.91,82,88,7.23,GA,1612975275
197,Znamenskoye,57.1281,73.8282,-22.86,86,0,5.23,RU,1612975276
198,Yangambi,0.8102,24.4336,82.13,39,96,1.28,CD,1612975037
199,Galle,6.0367,80.217,78.64,75,95,2.51,LK,1612975106
200,Jinxiang,27.4327,120.6062,53.04,92,100,15.95,CN,1612975279
201,Kang,-23.6752,22.7876,76.66,57,56,7.83,BW,1612975281
202,Mokhsogollokh,61.4681,128.9203,-21.39,87,12,0.72,RU,1612975282
203,Bonfim,3.0833,-59.95,92.71,33,7,10.31,BR,1612975283
204,Verkhnevilyuysk,63.4453,120.3167,-19.48,87,19,4.76,RU,1612975284
205,Tashtagol,52.7657,87.8894,-3.82,90,100,2.86,RU,1612975286
206,Airai,-8.9266,125.4092,61.21,100,100,1.57,TL,1612975252
207,Pevek,69.7008,170.3133,-11.97,70,0,2.15,RU,1612975288
208,Terra Santa,-2.1042,-56.4869,78.4,90,100,2.68,BR,1612975291
209,Provincia di Ancona,43.55,13.1667,52.0,81,75,6.91,IT,1612975292
210,Iwanai,42.9744,140.5089,25.84,91,100,9.73,JP,1612975293
211,Bambous Virieux,-20.3428,57.7575,80.6,74,40,9.22,MU,1612975285
212,Saint George,37.1041,-113.5841,54.0,46,1,0.18,US,1612975254
213,Marshfield,44.6689,-90.1718,3.0,65,75,6.91,US,1612975160
214,Rawson,-43.3002,-65.1023,87.31,24,1,26.06,AR,1612975298
215,Arraial do Cabo,-22.9661,-42.0278,84.2,69,40,12.66,BR,1612975231
216,Itoman,26.1247,127.6694,64.4,88,75,16.11,JP,1612975285
217,Nyuksenitsa,60.4128,44.2397,-7.74,89,30,3.04,RU,1612975301
218,Aklavik,68.2191,-135.0107,-29.2,68,75,9.22,CA,1612975303
219,Vestmanna,62.1564,-7.1664,24.8,74,2,1.14,FO,1612975304
220,Pisco,-13.7,-76.2167,75.0,83,40,8.05,PE,1612975305
221,Belen,36.4891,36.2233,60.8,82,40,11.5,TR,1612975307
222,Los Llanos de Aridane,28.6585,-17.9182,68.0,68,75,2.3,ES,1612975245
223,Tartous,34.889,35.8866,62.6,77,40,5.75,SY,1612975309
224,Okha,53.5739,142.9478,22.05,97,100,17.69,RU,1612975310
225,Olafsvik,64.8945,-23.7142,34.88,88,100,15.39,IS,1612975311
226,Pacific Grove,36.6177,-121.9166,53.01,87,1,3.47,US,1612975053
227,Arrondissement de Saint-Denis,48.9167,2.3333,28.99,64,20,14.97,FR,1612975313
228,Amahai,-3.3333,128.9167,79.83,82,98,3.96,ID,1612975315
229,Saint-Germain-de-Grantham,45.8334,-72.5658,18.0,79,53,5.99,CA,1612975316
230,Geraldton,-28.7667,114.6,64.4,63,0,19.57,AU,1612975317
231,Loandjili,-4.7561,11.8578,81.16,81,100,7.25,CG,1612975318
232,Katsuura,35.1333,140.3,42.8,75,20,5.75,JP,1612975319
233,Kapit,2.0167,112.9333,74.43,95,57,0.56,MY,1612975320
234,Kieta,-6.2167,155.6333,79.59,80,99,5.61,PG,1612975322
235,Dūngarpur,23.8333,73.7167,69.62,23,92,5.77,IN,1612975323
236,George Town,5.4112,100.3354,82.4,74,20,4.61,MY,1612975220
237,Chokurdakh,70.6333,147.9167,-10.95,89,29,7.7,RU,1612975256
238,Townsville,-19.25,146.8,80.6,78,90,12.66,AU,1612975230
239,Chaiya,9.3862,99.1986,77.31,81,4,4.88,TH,1612975327
240,Natal,-5.795,-35.2094,89.6,55,75,18.41,BR,1612975297
241,Tabory,58.5198,64.5495,-19.8,87,0,3.44,RU,1612975330
242,Dingle,10.9995,122.6711,75.69,88,100,2.26,PH,1612975331
243,Tateyama,34.9833,139.8667,42.8,75,20,5.75,JP,1612975332
244,Bluff,-46.6,168.3333,54.09,90,100,32.86,NZ,1612975229
245,Valparaíso,-33.0393,-71.6273,64.99,100,90,4.61,CL,1612975335
246,Trelew,-43.249,-65.3051,92.66,18,1,25.12,AR,1612975212
247,Avarua,-21.2078,-159.775,78.8,83,20,4.61,CK,1612975337
248,Miraflores,19.2167,-98.8083,64.4,42,40,3.74,MX,1612975338
249,Laguna,38.421,-121.4238,52.0,93,1,2.51,US,1612975261
250,Cabo San Lucas,22.8909,-109.9124,71.01,77,1,12.66,MX,1612975340
251,Mossamedes,-15.1961,12.1522,80.6,65,20,8.05,AO,1612975341
252,Lamu,-2.2717,40.902,79.32,76,94,15.88,KE,1612975343
253,Kudahuvadhoo,2.6708,72.8944,81.41,78,23,10.54,MV,1612975344
254,Mugur-Aksy,50.35,90.5,-9.31,66,0,5.57,RU,1612975345
255,Zonguldak,41.25,31.8333,48.38,81,2,3.33,TR,1612975175
256,Port Hardy,50.6996,-127.4199,28.4,86,40,5.75,CA,1612975268
257,Praia,14.9215,-23.5087,77.0,47,0,21.85,CV,1612975348
258,Yangi Marg`ilon,40.4272,71.7189,50.0,81,100,2.3,UZ,1612975349
259,San Cristobal,7.7669,-72.225,78.8,69,75,6.91,VE,1612975351
260,Makakilo City,21.3469,-158.0858,60.8,77,1,3.44,US,1612975283
261,Vidim,56.4088,103.1106,-1.48,92,49,2.21,RU,1612975353
262,Cascais,38.6979,-9.4215,60.01,100,75,10.36,PT,1612975354
263,Zaysan,47.4667,84.8667,-1.44,85,20,3.31,KZ,1612975355
264,Pochutla,15.7432,-96.4661,87.01,51,20,5.53,MX,1612975356
265,Saint Anthony,45.0205,-93.218,5.0,55,75,9.22,US,1612975357
266,Aloleng,16.1307,119.7824,79.57,75,79,8.08,PH,1612975359
267,Xinzhou,38.4092,112.7333,36.5,65,0,1.01,CN,1612975360
268,Coquimbo,-29.9533,-71.3436,68.0,68,20,14.97,CL,1612975273
269,Mahon,39.8885,4.2658,55.4,62,20,14.97,ES,1612975278
270,Njeru,0.4186,33.1731,72.32,69,99,5.93,UG,1612975363
271,Beihai,21.4833,109.1,61.0,78,9,13.15,CN,1612975364
272,Makkah al Mukarramah,21.4267,39.8261,78.69,46,4,3.47,SA,1612975365
273,Aberdeen,57.1437,-2.0981,30.2,64,20,5.75,GB,1612975268
274,Ugoofaaru,5.6667,73.0,81.72,65,0,6.33,MV,1612975368
275,Mokolo,10.7398,13.8019,78.01,14,41,6.98,CM,1612975369
276,Smithers,54.7804,-127.1743,-23.8,76,1,5.75,CA,1612975100
277,Malanje,-9.5402,16.341,71.46,85,94,6.24,AO,1612975371
278,Steamboat Springs,40.485,-106.8317,30.2,100,90,5.82,US,1612975338
279,Nelson Bay,-32.7167,152.15,60.01,100,40,2.59,AU,1612975278
280,Aswān,24.0934,32.907,78.3,18,95,10.58,EG,1612975227
281,Dawei,14.0833,98.2,72.79,77,37,2.28,MM,1612975376
282,Cockburn Town,21.4612,-71.1419,78.8,73,20,11.5,TC,1612975377
283,Sibolga,1.7427,98.7792,78.51,83,99,3.04,ID,1612975378
284,Clyde River,70.4692,-68.5914,8.6,85,90,35.68,CA,1612975379
285,Fort Nelson,58.8053,-122.7002,-9.4,70,90,3.44,CA,1612975381
286,Kupang,-10.1667,123.5833,79.07,82,100,3.91,ID,1612975382
287,Sūsangerd,31.5608,48.1831,68.0,52,0,2.3,IR,1612975383
288,Menongue,-14.6585,17.691,73.27,64,98,4.23,AO,1612975384
289,Jimo,36.3897,120.4622,42.01,86,63,2.28,CN,1612975385
290,Zaraza,9.3503,-65.3245,93.0,26,0,6.78,VE,1612975386
291,Harbour Breton,47.4833,-55.7983,26.11,87,0,19.89,CA,1612975388
292,Petropavlovsk-Kamchatskiy,53.0452,158.6483,17.6,79,100,8.95,RU,1612975309
293,San Patricio,28.017,-97.5169,73.4,100,90,10.36,US,1612975390
294,Arrifes,37.7667,-25.7,60.8,82,40,19.57,PT,1612975391
295,Padang,-0.9492,100.3543,77.0,83,20,3.44,ID,1612975307
296,Kahului,20.8947,-156.47,66.2,72,1,9.22,US,1612975393
297,Sinop Province,41.7711,34.8709,48.45,66,45,6.78,TR,1612975394
298,Santa Cruz del Sur,20.7147,-77.9956,84.96,51,3,11.56,CU,1612975396
299,Ahipara,-35.1667,173.1667,62.28,90,100,8.37,NZ,1612975397
300,Boyolangu,-8.1181,111.8935,75.42,88,96,1.66,ID,1612975398
301,Sovetskaya Gavan',48.9723,140.2878,15.21,84,99,11.81,RU,1612975399
302,Takoradze,4.8845,-1.7554,83.7,76,20,11.21,GH,1612975329
303,Grand Gaube,-20.0064,57.6608,78.01,79,22,5.99,MU,1612975401
304,Krāslava,55.8951,27.168,8.42,95,100,5.14,LV,1612975402
305,Safi,32.2994,-9.2372,62.22,72,0,8.23,MA,1612975382
306,Haines Junction,60.7522,-137.5108,-43.6,66,17,1.14,CA,1612975281
307,Mnogovershinnyy,53.9353,139.9242,7.39,96,100,9.31,RU,1612975406
308,Santa Cruz de Tenerife,28.4682,-16.2546,64.99,77,40,4.61,ES,1612975220
309,Ambovombe,-25.1667,46.0833,75.25,75,100,15.19,MG,1612975409
310,Aitape,-3.1374,142.3475,77.43,88,100,6.53,PG,1612975410
311,Port Hedland,-20.3167,118.5667,82.4,83,83,8.05,AU,1612975411
312,Pytalovo,57.0679,27.9138,11.53,96,100,8.32,RU,1612975412
313,Ossora,59.2353,163.0719,14.5,95,100,11.27,RU,1612975413
314,Constantine,36.365,6.6147,62.6,45,75,19.57,DZ,1612975414
315,Houma,29.5958,-90.7195,70.0,77,98,3.0,US,1612975223
316,Vale da Amoreira,39.0697,-7.6985,59.0,86,100,1.01,PT,1612975417
317,Ketchikan,55.3422,-131.6461,17.6,57,1,5.75,US,1612975418
318,Honiara,-9.4333,159.95,78.06,82,52,3.29,SB,1612975419
319,Santa Vitória do Palmar,-33.5189,-53.3681,77.47,70,0,9.82,BR,1612975322
320,Gainesville,29.6516,-82.3248,75.99,83,90,1.83,US,1612975421
321,Lagoa,39.05,-27.9833,58.15,69,45,33.73,PT,1612975235
322,Plettenberg Bay,-34.0527,23.3716,70.11,83,7,7.25,ZA,1612975280
323,Ténenkou,14.4572,-4.9169,98.71,8,0,10.33,ML,1612975425
324,Muriwai Beach,-36.8167,174.45,63.0,85,98,6.6,NZ,1612975426
325,Namwala,-15.7504,26.4384,68.02,96,100,3.65,ZM,1612975427
326,Pangkalanbuun,-2.6833,111.6167,75.22,91,100,2.01,ID,1612975428
327,Cayenne,4.9333,-52.3333,82.4,65,75,11.5,GF,1612975299
328,Porto Belo,-27.1578,-48.5531,84.0,65,20,6.91,BR,1612975430
329,Boussé,12.6606,-1.8922,98.6,6,0,11.5,BF,1612975432
330,Tucuruí,-3.7661,-49.6725,84.92,71,94,4.23,BR,1612975433
331,Buin,-33.7333,-70.75,80.6,41,0,4.61,CL,1612975434
332,Ayodhya,26.8,82.2,61.03,54,0,2.98,IN,1612975435
333,Naze,28.3667,129.4833,58.86,66,99,11.5,JP,1612975436
334,Nālūt,30.3333,10.85,68.31,22,0,12.59,LY,1612975437
335,Tezu,27.9167,96.1667,63.5,29,32,4.27,IN,1612975438
336,Bowen,-20.0167,148.2333,75.2,88,90,4.61,AU,1612975411
337,Labuan,5.2767,115.2417,80.6,83,20,1.14,MY,1612975441
338,Rome,43.2128,-75.4557,23.0,68,90,5.75,US,1612975442
339,Inhambane,-23.865,35.3833,84.2,65,40,11.5,MZ,1612975443
340,Lincoln,40.8,-96.667,10.99,66,75,12.66,US,1612975444
341,Hasaki,35.7333,140.8333,37.4,75,20,5.75,JP,1612975445
342,Chimoré,-16.9833,-65.1333,70.32,97,100,0.18,BO,1612975447
343,Sitka,57.0531,-135.33,12.2,62,1,8.1,US,1612975448
344,Forsytheganj,52.6333,29.7333,7.16,95,90,6.22,BY,1612975449
345,Dwārka,22.2394,68.9678,70.5,66,82,9.64,IN,1612975450
346,Jérémie,18.65,-74.1167,82.24,60,0,6.22,HT,1612975451
347,Kamenka,51.3223,42.7678,21.0,92,100,11.14,RU,1612975452
348,Klenovyy,48.1193,39.4588,37.56,100,100,12.15,UA,1612975454
349,Faanui,-16.4833,-151.75,81.07,67,0,9.22,PF,1612975455
350,Valley City,46.9233,-98.0032,-9.4,59,1,19.57,US,1612975456
351,Inta,66.0317,60.1659,-20.18,87,97,6.96,RU,1612975457
352,Severo-Kuril'sk,50.6789,156.125,25.48,89,83,8.88,RU,1612975458
353,Tabou,4.423,-7.3528,82.67,78,28,8.84,CI,1612975459
354,Honningsvåg,70.9821,25.9704,24.8,80,75,12.66,NO,1612975461
355,São Raimundo Nonato,-9.0153,-42.6994,90.9,43,52,7.67,BR,1612975462
356,Oktyabr'skoye,43.0645,44.7417,44.6,70,83,4.47,RU,1612975463
357,Mwanza,-2.5167,32.9,73.4,78,75,1.83,TZ,1612975464
358,Muisne,0.6,-80.0333,82.4,89,75,3.44,EC,1612975465
359,Mehrān,33.1222,46.1646,48.2,57,0,2.3,IR,1612975466
360,Lamar,33.6668,-95.5836,33.01,100,90,11.5,US,1612975467
361,Codrington,-38.2667,141.9667,63.18,74,0,8.61,AU,1612975469
362,Semnan,35.5729,53.3971,54.03,43,90,3.09,IR,1612975470
363,Nisibis,37.0778,41.2178,55.47,64,19,5.93,TR,1612975471
364,Hirara,24.8,125.2833,70.99,81,88,24.05,JP,1612975472
365,Mehamn,71.0357,27.8492,23.0,63,75,19.57,NO,1612975244
366,Bilibino,68.0546,166.4372,-9.36,86,7,2.64,RU,1612975474
367,Ola,59.5833,151.2833,17.56,90,94,24.99,RU,1612975475
368,Luanda,-8.8368,13.2343,86.0,66,20,6.91,AO,1612975477
369,Laiyang,36.9758,120.7136,39.0,85,33,2.55,CN,1612975478
370,Chara,56.9064,118.2631,15.6,91,100,2.33,RU,1612975479
371,Sterling,39.0062,-77.4286,41.0,56,90,5.21,US,1612975217
372,Bichura,50.5881,107.6022,17.56,94,100,3.18,RU,1612975481
373,Panabá,21.2833,-88.2667,84.81,56,5,10.11,MX,1612975482
374,Sompeta,18.9333,84.6,70.16,66,0,5.1,IN,1612975483
375,Vila,42.0304,-8.1588,51.01,79,67,10.0,PT,1612975485
376,Zhigansk,66.7697,123.3711,-19.7,84,0,10.09,RU,1612975486
377,Balaipungut,1.05,101.2833,78.8,94,40,2.08,ID,1612975487
378,Camacha,33.0833,-16.3333,66.2,82,75,8.05,PT,1612975488
379,Mansehra,34.3333,73.2,53.35,42,33,4.79,PK,1612975443
380,Quilmaná,-12.95,-76.3833,77.81,57,54,8.5,PE,1612975490
381,Alofi,-19.0595,-169.9187,77.0,100,100,2.3,NU,1612975491
382,Takhtamygda,54.1,123.5667,4.35,93,100,2.73,RU,1612975272
383,Zinder,13.8072,8.9881,93.2,6,0,6.91,NE,1612975494
384,Presidencia Roque Sáenz Peña,-26.7852,-60.4388,84.99,52,100,4.0,AR,1612975495
385,Hamilton,39.1834,-84.5333,21.99,73,90,8.05,US,1612975450
386,Opotiki,-38.0833,177.2833,64.0,97,95,1.01,NZ,1612975497
387,Cartagena del Chairá,1.3349,-74.8429,92.1,43,15,5.84,CO,1612975498
388,Harar,9.3094,42.1258,60.39,42,85,7.27,ET,1612975499
389,High Rock,26.6208,-78.2833,78.8,69,40,8.05,BS,1612975500
390,Orangeburg,33.4918,-80.8557,66.0,82,90,3.44,US,1612975502
391,Torbay,47.6666,-52.7314,28.0,80,75,27.63,CA,1612975503
392,Eyl,7.9803,49.8164,75.02,73,71,20.15,SO,1612975504
393,Tilichiki,60.4667,166.1,-4.83,92,100,11.14,RU,1612975506
394,Asău,46.4333,26.4,41.0,64,100,1.23,RO,1612975507
395,Arrondissement de Bastia,42.6667,9.3333,59.0,47,0,8.05,FR,1612975508
396,Husavik,66.0449,-17.3389,19.4,93,75,2.3,IS,1612975509
397,Kovvūr,17.0167,81.7333,75.2,78,0,5.75,IN,1612975511
398,Sarangani,5.4033,125.4636,81.88,80,83,8.68,PH,1612975512
399,Lodwar,3.1191,35.5973,89.47,31,100,10.58,KE,1612975513
400,Nouadhibou,20.931,-17.0347,78.8,38,0,10.36,MR,1612975514
401,Port Hueneme,34.1478,-119.1951,55.0,93,1,1.59,US,1612975515
402,Matara,5.9485,80.5353,75.31,81,90,4.63,LK,1612975451
403,São João do Piauí,-8.3581,-42.2467,93.0,40,59,5.41,BR,1612975518
404,Kungurtug,50.5994,97.5228,-0.81,87,27,1.61,RU,1612975519
405,Buala,-8.145,159.5921,80.19,81,38,7.94,SB,1612975520
406,Kiryat Gat,31.61,34.7642,64.0,100,0,6.33,IL,1612975521
407,Khani,41.9563,42.9566,60.8,41,0,4.61,GE,1612975523
408,Hailey,43.5196,-114.3153,10.4,56,1,11.5,US,1612975524
409,Bonavista,48.6499,-53.1147,28.99,80,97,10.36,CA,1612975525
410,São Sebastião,-23.76,-45.4097,78.12,77,98,4.7,BR,1612975401
411,Ust-Nera,64.5667,143.2,8.24,85,53,6.55,RU,1612975527
412,Poum,-20.2333,164.0167,78.49,76,0,14.36,NC,1612975277
413,Khasan,42.4308,130.6434,25.38,93,1,9.78,RU,1612975530
414,Meulaboh,4.1363,96.1285,78.39,88,97,4.45,ID,1612975252
415,Worthing,50.8145,-0.3713,33.8,69,20,10.36,GB,1612975525
416,Ambulu,-8.345,113.6058,76.05,88,100,2.64,ID,1612975533
417,Khabary,53.6259,79.5345,-24.86,86,98,8.12,RU,1612975534
418,San Angelo,31.4638,-100.437,33.8,93,90,10.36,US,1612975394
419,Jumla,29.2747,82.1838,37.24,75,34,3.71,NP,1612975536
420,Le Port,-20.9373,55.2919,78.8,78,83,12.66,RE,1612975538
421,Comodoro Rivadavia,-45.8667,-67.5,68.0,68,20,6.91,AR,1612975519
422,Biak,-0.9131,122.8766,77.77,82,80,3.06,ID,1612975540
423,Mayya,61.7333,130.2811,-31.0,68,0,2.24,RU,1612975541
424,Santo Domingo,18.5001,-69.9886,84.99,65,75,9.22,DO,1612975334
425,Port Shepstone,-30.7414,30.455,77.77,83,71,14.63,ZA,1612975543
426,Sangod,24.9167,76.2833,67.39,25,28,4.32,IN,1612975545
427,Palana,59.1167,159.9667,18.72,94,85,12.06,RU,1612975546
428,Puerto Madero,14.7208,-92.4215,82.4,78,40,6.91,MX,1612975257
429,Klaksvík,62.2266,-6.589,24.8,74,31,1.14,FO,1612975548
430,Takaungu,-3.6837,39.8566,82.4,74,40,12.66,KE,1612975549
431,Jhajha,24.7667,86.3667,62.02,56,39,1.32,IN,1612975551
432,Dunn,44.95,-91.8835,1.99,60,90,8.05,US,1612975552
433,Glasgow,55.8652,-4.2576,32.0,69,46,8.05,GB,1612975314
434,Ferme-Neuve,46.7001,-75.4493,12.2,48,15,3.44,CA,1612975554
435,Taoudenni,22.6783,-3.9836,83.75,12,0,9.51,ML,1612975555
436,Gornyy,55.1153,83.9059,-13.63,89,100,10.94,RU,1612975557
437,Ixtapa,20.7,-105.2,68.0,77,1,4.05,MX,1612975558
438,Kadugannawa,7.2547,80.5242,63.25,96,93,4.03,LK,1612975559
439,Ust'-Kulom,61.6864,53.6902,-16.04,89,85,2.55,RU,1612975560
440,Adrar,20.5022,-10.0711,82.45,12,79,10.33,MR,1612975561
441,Deniliquin,-35.5333,144.9667,73.99,50,0,7.09,AU,1612975562
442,Lucapa,-8.4192,20.7447,72.03,90,31,4.59,AO,1612975564
443,Lázaro Cárdenas,17.9583,-102.2,81.1,57,2,3.42,MX,1612975565
444,Río Gallegos,-51.6226,-69.2181,66.2,59,0,11.5,AR,1612975289
445,Anadyr,64.75,177.4833,-13.0,70,0,4.47,RU,1612975567
446,Ratnagiri,16.9833,73.3,74.61,52,77,6.24,IN,1612975568
447,Qui Nhon,13.7667,109.2333,71.2,79,95,13.94,VN,1612975569
448,Petatlán,17.5167,-101.2667,84.2,65,1,6.22,MX,1612975570
449,La Ronge,55.1001,-105.2842,-25.6,68,100,3.44,CA,1612975572
450,Mareeba,-17.0,145.4333,78.8,89,50,2.3,AU,1612975573
451,Rosetown,51.5501,-108.0014,-22.0,68,100,11.5,CA,1612975574
452,Palmer,42.1584,-72.3287,28.99,93,75,11.5,US,1612975575
453,Oranjemund,-28.55,16.4333,68.29,74,24,8.48,NA,1612975576
454,Mount Gambier,-37.8333,140.7667,66.2,55,5,5.75,AU,1612975577
455,Najrān,17.4924,44.1277,66.2,45,0,9.22,SA,1612975329
456,Ajdabiya,30.7554,20.2263,66.36,27,0,2.89,LY,1612975580
457,Yate,51.5407,-2.4184,35.01,58,95,3.0,GB,1612975581
458,Portland,45.5234,-122.6762,36.0,80,90,1.12,US,1612975192
459,Payerne,46.822,6.9361,42.8,81,90,8.05,CH,1612975583
460,Inongo,-1.95,18.2667,82.6,61,87,1.5,CD,1612975287
461,Coyhaique,-45.5752,-72.0662,80.6,36,20,8.05,CL,1612975542
462,Jieshi,22.8134,115.8257,61.0,93,100,6.51,CN,1612975586
463,Puerto Escondido,15.85,-97.0667,84.2,84,1,5.61,MX,1612975588
464,Doha,25.2867,51.5333,69.8,68,0,9.22,QA,1612975395
465,Meadow Lake,34.8014,-106.5436,44.6,26,75,3.44,US,1612975590
466,Tommot,58.9564,126.2925,-8.3,87,26,1.59,RU,1612975591
467,Malumfashi,11.7853,7.6218,85.44,13,0,7.31,NG,1612975592
468,Promyshlennovskiy,55.4833,86.2,-7.6,71,40,13.42,RU,1612975593
469,Chapais,49.7834,-74.8492,3.2,78,1,3.44,CA,1612975594
470,Millinocket,45.6573,-68.7098,21.2,53,1,8.05,US,1612975366
471,Tambura,5.6,27.4667,83.17,20,99,3.83,SS,1612975597
472,Horsham,51.064,-0.3272,33.8,64,20,9.22,GB,1612975598
473,Hualmay,-11.0964,-77.6139,77.67,58,37,8.25,PE,1612975599
474,Berlevåg,70.8578,29.0864,23.0,86,75,21.85,NO,1612975600
475,Bagratashen,41.2436,44.8174,53.6,54,0,4.61,AM,1612975601
476,Alice Springs,-23.7,133.8833,87.01,58,16,9.22,AU,1612975602
477,Abu Dhabi,24.4667,54.3667,73.4,78,0,10.36,AE,1612975386
478,Luau,-10.7073,22.2247,69.8,93,95,3.24,AO,1612975605
479,Staryy Nadym,65.6118,72.6842,-23.69,85,100,15.03,RU,1612975606
480,Chivor,4.8856,-73.3689,72.84,59,39,5.17,CO,1612975607
481,Christchurch,-43.5333,172.6333,50.0,76,0,10.36,NZ,1612975608
482,Broome,42.2506,-75.833,23.0,57,1,12.66,US,1612975609
483,Pogranichnyy,44.4064,131.3769,16.23,92,2,6.67,RU,1612975611
484,Gouyave,12.1646,-61.7296,78.8,83,40,20.71,GD,1612975612
485,Aktash,50.3,87.7333,-18.58,82,0,5.73,RU,1612975613
486,Ibrā’,22.6906,58.5334,64.6,31,100,1.77,OM,1612975614
487,Porbandar,21.6422,69.6093,69.8,73,40,6.91,IN,1612975615
488,Zhezkazgan,47.8043,67.7144,-2.07,87,96,8.28,KZ,1612975616
489,Rosarito,32.3333,-117.0333,55.4,82,75,4.72,MX,1612975458
490,Necochea,-38.5473,-58.7368,73.99,59,37,7.0,AR,1612975619
491,Sylvan Lake,52.3168,-114.0853,-23.8,69,90,5.75,CA,1612975504
492,Bamenda,5.9527,10.1582,80.1,23,38,3.78,CM,1612975621
493,Eston,51.1501,-108.7514,-23.01,68,20,11.5,CA,1612975622
494,Adamantas,36.7333,24.4333,60.8,77,0,11.5,GR,1612975623
495,Giohar,2.7809,45.5005,75.7,73,5,18.77,SO,1612975624
496,Manor,19.75,72.9167,70.97,36,41,2.13,IN,1612975626
497,Havelock,34.8791,-76.9013,52.0,76,90,14.97,US,1612975584
498,Changli,39.7042,119.1506,33.73,83,0,2.89,CN,1612975628
499,Zarubino,42.63,131.0922,22.57,94,12,7.18,RU,1612975629
500,San Quintín,30.4833,-115.95,56.55,65,86,10.69,MX,1612975630
501,Champerico,14.3,-91.9167,84.2,70,20,9.22,GT,1612975632
502,Rūdsar,37.1376,50.288,51.8,93,100,9.22,IR,1612975633
503,Valdivia,-39.8142,-73.2459,84.2,45,0,4.61,CL,1612975540
504,Gambēla,8.25,34.5833,89.22,19,79,2.75,ET,1612975635
505,Sawākin,19.1059,37.3321,77.94,70,30,7.45,SD,1612975636
506,Bhisho,-32.8472,27.4422,78.8,83,20,11.5,ZA,1612975637
507,Salalah,17.0151,54.0924,77.0,44,0,2.3,OM,1612975638
508,Mudgee,-32.5943,149.5871,60.8,82,1,5.75,AU,1612975640
509,Jijiga,9.35,42.8,59.41,50,73,11.81,ET,1612975641
510,Elizabeth City,36.2946,-76.2511,46.99,70,90,12.66,US,1612975642
511,Izumo,35.3667,132.7667,39.2,81,20,4.61,JP,1612975643
512,Baghdad,33.3406,44.4009,64.4,55,0,6.91,IQ,1612975484
513,Jalu,29.0331,21.5482,64.58,23,0,8.25,LY,1612975645
514,Nanortalik,60.1432,-45.2371,27.45,88,65,7.72,GL,1612975646
515,Dubbo,-32.25,148.6167,62.6,82,0,12.66,AU,1612975648
516,Kruisfontein,-34.0033,24.7314,75.99,79,0,14.0,ZA,1612975649
517,Thurso,58.5927,-3.5259,30.2,69,0,4.61,GB,1612975650
518,Lorengau,-2.0226,147.2712,77.83,92,100,22.06,PG,1612975651
519,Raudeberg,61.9875,5.1352,28.99,63,0,17.85,NO,1612975652
520,Uglovoye,44.8215,33.6045,50.0,72,42,5.01,UA,1612975653
521,Ayr,55.4627,-4.6339,33.8,69,20,11.5,GB,1612975594
522,Khandyga,62.6667,135.6,-14.01,87,96,1.72,RU,1612975656
523,Romny,50.751,33.4747,18.43,97,97,8.39,UA,1612975657
524,Lavrentiya,65.5833,-171.0,-25.26,80,0,8.7,RU,1612975658
525,Acaraú,-2.8856,-40.12,87.1,61,57,17.25,BR,1612975659
526,Victoria Point,-27.5833,153.3,70.0,74,31,4.0,AU,1612975660
527,Nizwá,22.9333,57.5333,68.67,28,95,3.22,OM,1612975552
528,Solnechnyy,50.7214,136.6319,-1.73,87,51,0.89,RU,1612975663
529,Manggar,-2.8833,108.2667,79.12,86,100,7.52,ID,1612975664
530,Bereda,43.2686,-7.5406,52.0,70,100,8.01,ES,1612975665
531,Buchanan,5.8808,-10.0467,89.6,62,75,12.66,LR,1612975666
532,Kiama,-34.6833,150.8667,64.0,81,87,6.17,AU,1612975667
533,Killybegs,54.6333,-8.45,35.6,51,20,10.36,IE,1612975668
534,La Paz,-16.5,-68.15,53.6,71,75,10.36,BO,1612975471
535,Anloga,5.7947,0.8973,87.8,74,20,17.27,GH,1612975671
536,Poli,-3.3333,36.8,80.6,73,40,4.61,TZ,1612975672
537,Calabozo,8.9242,-67.4293,93.92,23,0,9.01,VE,1612975673
538,Yar-Sale,66.8333,70.8333,-24.02,85,76,11.97,RU,1612975674
539,Sidhi,24.4167,81.8833,62.04,46,44,4.36,IN,1612975675
540,Galveston,29.3669,-94.9669,66.99,94,90,9.22,US,1612975676
541,Bartica,6.4,-58.6167,78.8,83,75,2.3,GY,1612975678
542,Ucluelet,48.9329,-125.5528,36.0,100,90,6.49,CA,1612975679
543,Netrakona,24.8833,90.7167,64.83,44,1,3.13,BD,1612975680
544,Vicuña,-30.0319,-70.7081,84.99,28,0,1.99,CL,1612975681
545,Monrovia,6.3005,-10.7969,89.6,62,75,12.66,LR,1612975682
546,Yerbogachën,61.2767,108.0108,-5.69,90,97,5.61,RU,1612975683
547,Hailar,49.2,119.7,13.14,93,98,7.67,CN,1612975684
548,Buraidah,26.326,43.975,66.2,55,0,3.44,SA,1612975686
549,Sabang,5.8933,95.3214,82.38,78,78,10.49,ID,1612975687
550,Maridi,4.9158,29.4742,84.76,20,96,5.23,SS,1612975688
551,Dungarvan,52.0881,-7.6253,36.0,73,99,7.0,IE,1612975689
552,Bouca,6.5105,18.2733,85.46,13,91,5.35,CF,1612975690
553,Palivere,58.9664,23.8911,10.0,85,0,5.75,EE,1612975691
554,Savonlinna,61.8699,28.88,1.4,85,90,1.14,FI,1612975692
555,Mastic Beach,40.7668,-72.8521,32.0,55,1,8.05,US,1612975694
556,Peterhead,57.5058,-1.7981,36.0,64,20,5.75,GB,1612975693
557,Inírida,3.8653,-67.9239,91.4,51,91,3.49,CO,1612975696
558,Talnakh,69.4865,88.3972,-12.33,82,15,4.54,RU,1612975697
559,Saint-Anselme,46.6292,-70.9734,19.0,95,100,8.05,CA,1612975698
560,San Rafael,-34.6177,-68.3301,74.25,48,48,7.27,AR,1612975699
561,Grand-Santi,4.25,-54.3833,88.16,49,100,4.56,GF,1612975701
562,Port Montt,-41.4698,-72.9447,80.6,54,0,4.61,CL,1612975702
563,‘Ewa Beach,21.3156,-158.0072,60.8,77,1,3.44,US,1612975703
